"1","chenge","chenge","上海"
"2","1001001","艺术青年","重庆"
"3","emilyrubbish","骷髅捕风","重庆"
"4","jackieofchina","『放胆做』™","浙江杭州"
"5","hyunya","乌拉","浙江杭州"
"6","1001005","清风","浙江杭州"
"7","1001006","~@~","上海"
"8","1001007","旭彬","上海"
"9","1001008","ljbdoit","上海"
"10","xdanger","xdanger","上海"
"11","dashhuang","Dash","上海"
"12","even","Even","广东广州"
"13","mazha","秦尘","广东广州"
"14","skullhj","文盲","福建漳州"
"15","sinishell","左旋贝壳","上海"
"16","waterouyang","水欧阳","北京"
"17","vingel","Vingel","北京"
"18","momo","冰糖小猪","北京"
"19","syliang","永明","上海"
"20","sosilent","sosilent","浙江杭州"
"21","1001020","勇敢的心","浙江杭州"
"22","1001021","冷杉","北京"
"23","1001022","starcisco","北京"
"24","1001023","kimimo","北京"
"25","vision","vision","广西南宁"
"26","xiaoao","小敖","北京"
"27","1001026","没睡醒","北京"
"28","1001027","chemindu","北京"
"29","ws_321","细节偏执狂","北京"
"30","1001029","zamao.com","北京"
"31","1001030","白暨豚","北京"
"32","qingxinyueer","掌心有雪","北京"
"33","helen_bitw","三颗猫饼干","上海"
"34","flashindark","Sunkist","广东广州"
"35","karoo","karoo","甘肃兰州"
"36","1001035","hyflashstar","甘肃兰州"
"37","1001036","阿木甘","甘肃兰州"
"38","1001037","SummerRain","北京"
"39","tonychin","拓拓","浙江温州"
"40","1001039","jeffwu","浙江温州"
"41","wari","王锐","湖北武汉"
"42","1001041","ljw","湖北武汉"
"43","1001042","Cele啊啊啊","上海"
"44","1001043","千帆","北京"
"45","gsnoriko","等岸的漂流瓶","北京"
"46","1001045","lesliao","北京"
"47","1001046","木头人","北京"
"48","panwh","panwh(小潘)","上海"
"49","zputee","璞笛","上海"
"50","1001049","Ronnie","上海"
"51","1001050","昨日黄瓜","广东广州"
"52","1001051","昨天去哪了？","广东广州"
"53","1001052","其叶有幽","广东广州"
"54","1001053","浅浅","北京"
"55","1001054","Angela221","北京"
"56","sirtoozee","涩兔子","湖北武汉"
"57","lucifer","inAutumn","浙江宁波"
"58","kangkang","sos","北京"
"59","dannie","Dannie","广东深圳"
"60","mattzhu","matt","上海"
"61","1001060","烂漫如花","北京"
"62","djzz","绿豆饼","上海"
"63","nankai","Nankai","天津"
"64","rang","Rang Bin","天津"
"65","tangtang","汤汤","江苏南京"
"66","1001065","郫县","江苏南京"
"67","1001066","yunzhige","江苏南京"
"68","1001067","sudoer","上海"
"69","1001068","豆瓣酱","上海"
"70","1001069","muzi","上海"
"71","TT","TT","上海"
"72","moneywood","moneywood","上海"
"73","1001072","忽布","上海"
"74","1001073","drizzle","上海"
"75","1001074","weii","上海"
"76","buyi","江南布衣","浙江台州"
"77","SIYUE","四月","浙江杭州"
"78","peipei","四月","浙江杭州"
"79","1001078","wasai","浙江杭州"
"80","1001079","安魂弥撒","上海"
"81","1001080","麓麓","辽宁大连"
"82","binghailan","冰海蓝","四川成都"
"83","1001082","最爱是蓝","四川成都"
"84","1001083","东东","四川成都"
"85","JunChen","JunChen","江苏南京"
"86","1001085","惭开","北京"
"87","1001086","东东爸","北京"
"88","1001087","孙东来","北京"
"89","tinyfool","Tinyfool","北京"
"90","1001089","玻璃渣","北京"
"91","jeffchan","老陈","北京"
"92","1001091","juntul","北京"
"93","1001092","断点","北京"
"94","ghostq","ghostq","四川成都"
"95","1001094","Lucky.H","四川成都"
"96","1001095","夜孤城主","湖北武汉"
"97","locust0001","locust","河北承德"
"98","singfly","我笑你情痴","安徽铜陵"
"99","guitarpoet","协奏","安徽铜陵"
"100","1001099","Amorichard","上海"
"101","weimo","天纵","上海"
"102","aldmd","飞天","北京"
"103","yangyi","一比四九","上海"
"104","1001103","suerain","上海"
"105","MrGreen","豆你玩","广东汕头"
"106","1001105","Miller","上海"
"107","1001106","yumj","上海"
"108","1001107","不红的西红柿","上海"
"109","1001108","豆豆","上海"
"110","1001109","卡卡","上海"
"111","1001110","阿杰","上海"
"112","1001111","mark","上海"
"113","1001112","花花","上海"
"114","Jun.Lee","Jun.Lee","贵州贵阳"
"115","lydia","夜奔","北京"
"116","1001115","yangshent","北京"
"117","1001116","小珠","北京"
"118","haitai","haitai","江西上饶"
"119","beforesunset","长河落日","江西上饶"
"120","faning","一滴蔚蓝","河南濮阳"
"121","csml.fqz","k9981","河南濮阳"
"122","1001121","起跑线","河南濮阳"
"123","blaog","apemanchen","北京"
"124","hutkyo","hutkyo","北京"
"125","1001124","七心海棠","北京"
"126","paladin","剑心","北京"
"127","1001126","301voa","北京"
"128","1001127","winter","北京"
"129","1001128","猪二","北京"
"130","holin","HoLin","浙江杭州"
"131","1001130","生命之外","浙江杭州"
"132","1001131","zjztt","浙江杭州"
"133","1001132","greenfly","浙江杭州"
"134","1001133","linzi","浙江杭州"
"135","1001134","bebop","浙江宁波"
"136","1001135","哎呀","浙江宁波"
"137","daxa","郭大虾","浙江嘉兴"
"138","1001137","堂前飞燕","浙江嘉兴"
"139","mengjue","梦觉","北京"
"140","elon","纷飞","北京"
"141","1001140","sxhxlxb003","北京"
"142","1001141","雨枫","北京"
"143","1001142","thiefox","北京"
"144","1001143","原野","北京"
"145","galaxy","星汉","上海"
"146","1001145","风过","上海"
"147","duduwolf","duduwolf","甘肃兰州"
"148","vipig","vipig极猪：牛转乾坤","甘肃兰州"
"149","1001148","pest","甘肃兰州"
"150","1001149","无限寒冰","北京"
"151","1001150","无名","北京"
"152","1001151","学海无涯","北京"
"153","tristan","听风的歌","北京"
"154","1001153","xeach","北京"
"155","drizzt","backwings","北京"
"156","1001155","wei_hui","北京"
"157","1001156","dodo","北京"
"158","1001157","瑞霓山主","北京"
"159","1001158","疯狂撰取人","北京"
"160","1001159","像水一样","北京"
"161","chenzhao","chenzhao","München, Germany"
"162","1001161","风雨","München, Germany"
"163","huangjingyun","黄靖昀","广东深圳"
"164","1001163","最后的犹大","广东深圳"
"165","1001164","金元宝","北京"
"166","1001165","slash","北京"
"167","1001166","小小网络学","北京"
"168","1001167","陈一","北京"
"169","danger","danger","浙江丽水"
"170","kofwang","李寻欢晕菜了","北京"
"171","1001170","悠果","北京"
"172","acca","acca","北京"
"173","1001172","cyberengli","北京"
"174","Jun","Julian","北京"
"175","aqua","aqua","北京"
"176","mumu0520","叶子","北京"
"177","1001176","zz","北京"
"178","eric","eric","北京"
"179","1001178","随遇而安","江苏苏州"
"180","1001179","小豆芽","江苏苏州"
"181","1001180","素描时光","江苏苏州"
"182","justlikehoney","mono","四川成都"
"183","lerry","lerry","上海"
"184","leon","leon","黑龙江哈尔滨"
"185","lihao","似水年华","河北秦皇岛"
"186","ivanzou","ivan","上海"
"187","1001186","纳豆","上海"
"188","nunun","nunun","上海"
"189","1001188","snowflakebai","上海"
"190","1001189","westlife","上海"
"191","1001190","小监视器","上海"
"192","1001191","平凡奇迹","广东深圳"
"193","1001192","我是贝壳","广东深圳"
"194","1001193","可颂","广东深圳"
"195","greenerycn","树叶豆豆","广东珠海"
"196","1001195","库布里克","山东济南"
"197","1001196","阿蒙","山东济南"
"198","1001197"," xiao yue","山东济南"
"199","zhuangzi","Barbabright","上海"
"200","1001199","Shine","上海"
